,R2square,MAE,MAPE,MSE
0,0.516397383604839,0.5638744171284356,1.9895421708235559,0.5101411587125956
