,R2square,MAE,MAPE,MSE
0,0.5536811772182554,0.5439777152924823,2.293889488554363,0.470811351490031
