,R2square,MAE,MAPE,MSE
0,0.492233868438711,0.5742491136200147,2.118252801195204,0.5356306891814411
